{
  "models": {
    "logistic_regression": {
      "accuracy_mean": 0.74625,
      "accuracy_std": 0.012144957801491116,
      "f1_mean": 0.7460512160527116,
      "f1_std": 0.012451474819864104
    },
    "lda": {
      "accuracy_mean": 0.7465,
      "accuracy_std": 0.011763290356018597,
      "f1_mean": 0.7461891255865307,
      "f1_std": 0.012186516288881392
    },
    "knn": {
      "accuracy_mean": 0.8952500000000001,
      "accuracy_std": 0.006194755846681922,
      "f1_mean": 0.8952315186816306,
      "f1_std": 0.006205559426075317
    },
    "decision_tree": {
      "accuracy_mean": 0.7945,
      "accuracy_std": 0.008681877677092675,
      "f1_mean": 0.7944145669571212,
      "f1_std": 0.008778968795876021
    },
    "gaussian_nb": {
      "accuracy_mean": 0.749,
      "accuracy_std": 0.025315509080403663,
      "f1_mean": 0.7489570192439613,
      "f1_std": 0.02534771912585644
    },
    "svm": {
      "accuracy_mean": 0.891,
      "accuracy_std": 0.015740076238697217,
      "f1_mean": 0.8909734515343543,
      "f1_std": 0.01578107617206715
    }
  },
  "best_model": {
    "name": "knn",
    "accuracy_mean": 0.8952500000000001
  }
}