{
  "accuracy": 0.9345,
  "precision_weighted": 0.9345833493374304,
  "recall_weighted": 0.9345,
  "f1_weighted": 0.9344958731657264,
  "classification_report": {
    "0": {
      "precision": 0.9405487804878049,
      "recall": 0.9273547094188377,
      "f1-score": 0.9339051463168516,
      "support": 1996.0
    },
    "1": {
      "precision": 0.9286417322834646,
      "recall": 0.9416167664670658,
      "f1-score": 0.9350842418235877,
      "support": 2004.0
    },
    "accuracy": 0.9345,
    "macro avg": {
      "precision": 0.9345952563856348,
      "recall": 0.9344857379429518,
      "f1-score": 0.9344946940702197,
      "support": 4000.0
    },
    "weighted avg": {
      "precision": 0.9345833493374304,
      "recall": 0.9345,
      "f1-score": 0.9344958731657264,
      "support": 4000.0
    }
  }
}